"","MRSL_remove_collider_kenDcor_estimate","MRSL_open_path_kenDcor_estimate","MRSL_min_suffi_set_kenDcor_estimate"
"dt1_once",0.894222222222222,0.894222222222222,0.894222222222222
"dt1_once.1",0.888,0.888,0.888
"dt1_once.2",0.743555555555556,0.743555555555556,0.743555555555556
